# ************************************************************
# Sequel Pro SQL dump
# Version 4541
#
# http://www.sequelpro.com/
# https://github.com/sequelpro/sequelpro
#
# Hôte: 127.0.0.1 (MySQL 5.6.35)
# Base de données: moviesWebsite
# Temps de génération: 2017-11-14 09:50:05 +0000
# ************************************************************


/*!40101 SET @OLD_CHARACTER_SET_CLIENT=@@CHARACTER_SET_CLIENT */;
/*!40101 SET @OLD_CHARACTER_SET_RESULTS=@@CHARACTER_SET_RESULTS */;
/*!40101 SET @OLD_COLLATION_CONNECTION=@@COLLATION_CONNECTION */;
/*!40101 SET NAMES utf8 */;
/*!40014 SET @OLD_FOREIGN_KEY_CHECKS=@@FOREIGN_KEY_CHECKS, FOREIGN_KEY_CHECKS=0 */;
/*!40101 SET @OLD_SQL_MODE=@@SQL_MODE, SQL_MODE='NO_AUTO_VALUE_ON_ZERO' */;
/*!40111 SET @OLD_SQL_NOTES=@@SQL_NOTES, SQL_NOTES=0 */;


# Affichage de la table film
# ------------------------------------------------------------

DROP TABLE IF EXISTS `film`;

CREATE TABLE `film` (
  `id` int(11) unsigned NOT NULL AUTO_INCREMENT,
  `titre` varchar(255) DEFAULT NULL,
  `dateDeSortie` date DEFAULT NULL,
  `synopsis` longtext,
  `note` double DEFAULT NULL,
  `acteursPrincipaux` longtext,
  PRIMARY KEY (`id`)
) ENGINE=InnoDB AUTO_INCREMENT=3 DEFAULT CHARSET=utf8;

LOCK TABLES `film` WRITE;
/*!40000 ALTER TABLE `film` DISABLE KEYS */;

INSERT INTO `film` (`id`, `titre`, `dateDeSortie`, `synopsis`, `note`, `acteursPrincipaux`)
VALUES
	(1,'Whiplash','2014-12-24','Andrew, 19 ans, rêve de devenir l’un des meilleurs batteurs de jazz de sa génération. Mais la concurrence est rude au conservatoire de Manhattan où il s’entraîne avec acharnement. Il a pour objectif d’intégrer le fleuron des orchestres dirigé par Terence Fletcher, professeur féroce et intraitable. Lorsque celui-ci le repère enfin, Andrew se lance, sous sa direction, dans la quête de l’excellence...',4.5,'Miles Teller\nJK Simmons\nPaul Reiser\nMelissa Benoist'),
	(2,'Premier Contact','2016-12-07','Douze mystérieux vaisseaux extraterrestres apparaissent subitement à différents endroits du monde (États-Unis, Venezuela, Groenland, Royaume-Uni, Sierra Leone, Soudan, Russie (Sibérie et Mer Noire), Pakistan, Chine, Japon, Australie), stationnés à quelques mètres au-dessus du sol ou de l\'océan. L\'armée américaine les surnomme « coques » à cause de leur forme singulière (oblongue et lisse). Les buts des extraterrestres et le choix des sites échappant à toute logique humaine, l\'experte en linguistique comparée Louise Banks (jouée par Amy Adams) est recrutée par l\'armée pour établir le contact et, surtout, connaître leurs buts.',4.1,'Amy Adams\nJeremy Renner\nForest Whitaker');

/*!40000 ALTER TABLE `film` ENABLE KEYS */;
UNLOCK TABLES;


# Affichage de la table film_has_personne
# ------------------------------------------------------------

DROP TABLE IF EXISTS `film_has_personne`;

CREATE TABLE `film_has_personne` (
  `id` int(11) unsigned NOT NULL AUTO_INCREMENT,
  `id_film` int(11) DEFAULT NULL,
  `id_personne` int(11) DEFAULT NULL,
  `role` varchar(11) DEFAULT NULL,
  PRIMARY KEY (`id`)
) ENGINE=InnoDB AUTO_INCREMENT=10 DEFAULT CHARSET=utf8;

LOCK TABLES `film_has_personne` WRITE;
/*!40000 ALTER TABLE `film_has_personne` DISABLE KEYS */;

INSERT INTO `film_has_personne` (`id`, `id_film`, `id_personne`, `role`)
VALUES
	(1,1,1,'Réalisateur'),
	(2,1,2,'Acteur'),
	(3,1,3,'Acteur'),
	(4,1,4,'Acteur'),
	(5,1,5,'Acteur'),
	(6,2,6,'Acteur'),
	(7,2,7,'Acteur'),
	(8,2,8,'Acteur'),
	(9,2,9,'Réalisateur');

/*!40000 ALTER TABLE `film_has_personne` ENABLE KEYS */;
UNLOCK TABLES;


# Affichage de la table film_has_photo
# ------------------------------------------------------------

DROP TABLE IF EXISTS `film_has_photo`;

CREATE TABLE `film_has_photo` (
  `id` int(11) unsigned NOT NULL AUTO_INCREMENT,
  `id_film` int(11) DEFAULT NULL,
  `id_photo` int(11) DEFAULT NULL,
  `role` varchar(255) DEFAULT NULL,
  PRIMARY KEY (`id`)
) ENGINE=InnoDB AUTO_INCREMENT=5 DEFAULT CHARSET=utf8;

LOCK TABLES `film_has_photo` WRITE;
/*!40000 ALTER TABLE `film_has_photo` DISABLE KEYS */;

INSERT INTO `film_has_photo` (`id`, `id_film`, `id_photo`, `role`)
VALUES
	(1,1,6,'Gallerie'),
	(2,1,5,'Affiche'),
	(3,2,11,'Affiche'),
	(4,2,13,'Gallerie');

/*!40000 ALTER TABLE `film_has_photo` ENABLE KEYS */;
UNLOCK TABLES;


# Affichage de la table personne
# ------------------------------------------------------------

DROP TABLE IF EXISTS `personne`;

CREATE TABLE `personne` (
  `id` int(11) unsigned NOT NULL AUTO_INCREMENT,
  `nom` varchar(255) DEFAULT NULL,
  `prenom` varchar(255) DEFAULT NULL,
  `dateDeNaissance` date DEFAULT NULL,
  `biographie` longtext,
  `filmographie` longtext,
  PRIMARY KEY (`id`)
) ENGINE=InnoDB AUTO_INCREMENT=10 DEFAULT CHARSET=utf8;

LOCK TABLES `personne` WRITE;
/*!40000 ALTER TABLE `personne` DISABLE KEYS */;

INSERT INTO `personne` (`id`, `nom`, `prenom`, `dateDeNaissance`, `biographie`, `filmographie`)
VALUES
	(1,'Chazelle','Damien','1985-01-19','Son père est l\'informaticien et mathématicien franco-américain Bernard Chazelle, professeur à l\'Université de Princeton, et sa mère, Celia Martin Chazelle, est historienne du Moyen Âge. Ses origines françaises font qu\'il est parfaitement bilingue. Il effectue ses études de cinéma à l\'Université Harvard, où il rencontre son futur comparse Justin Hurwitz, qui composera les musiques de ses films, et avec qui il partage sa passion pour le jazz et les comédies musicales françaises comme Les Parapluies de Cherbourg ou les Demoiselles de Rochefort1. Son deuxième long métrage, Whiplash (2014), connaît un succès tant critique que public, obtenant plusieurs distinctions, notamment au festival du cinéma américain de Deauville où il obtient le Grand Prix du jury et le Prix du Public. Le film reçoit également plusieurs Oscars dont celui de meilleur acteur dans un second rôle pour J.K Simmons (qui obtiendra le Golden Globe dans la même catégorie pour ce film). Son troisième film, La La Land, sorti en décembre 2016 aux États-Unis, a pour acteurs principaux Emma Stone et Ryan Gosling2. Le film remporte sept trophées sur ses sept3 nominations à la 74e cérémonie des Golden Globes : Meilleur film musical ou comédie, Meilleur réalisateur, Meilleure actrice dans un film musical ou une comédie pour Emma Stone, Meilleur acteur dans un film musical ou une comédie pour Ryan Gosling, Meilleure chanson et Meilleur scénario4. A la 70e cérémonie des British Academy Film Awards, le film remporte seulement un trophée sur deux nominations : BAFTA du meilleur réalisateur. Aux Oscars, le film obtient 14 nominations, égalant le record historique de Titanic et Eve, et repart avec six Oscars, dont celui de meilleur réalisateur. En avril 2017, il est indique avoir accepté de tourner The Eddy, une série musicale pour Netflix qui racontera les péripéties du propriétaire d\'un club et de sa bande. L\'action sera située à Paris. Le scénario de Jack Thorne est actuellement proposé aux chaînes télévisées. Glen Ballard et Alan Poul participent au projet. Auparavant, sortira son 4e long métrage, First Man. Il y retrouve Ryan Gosling qui incarne le premier homme à avoir marcher sur la Lune, Neil Armstrong. Le film sortira en octobre 2018.','2009 : Guy and Madeline on a Park Bench (également scénariste)\n2013 : Whiplash (court métrage) (également scénariste)\n2014 : Whiplash (également scénariste)\n2016 : La La Land (également scénariste)\n2018 : First Man (également producteur)\nThe Eddy (série TV) - En développement\n'),
	(2,'Simmons','JK','1955-01-09','Second rôle reconnu du grand public, il s\'est fait connaître principalement grâce aux rôles de Vernon Schillinger dans Oz, le docteur Skoda dans New York, police judiciaire et le chef Pope dans la série The Closer à la télévision.\n\nAu cinéma, il est connu pour avoir incarné le rédacteur en chef du Daily Buggle J. Jonah Jameson dans la saga Spider-Man et ses participations dans les trois longs-métrages de Jason Reitman : étant tour à tour l\'employeur d\'Aaron Eckhart dans Thank You For Smoking, le père d\'une adolescente enceinte (Ellen Page) dans Juno et d\'un employé licencié par George Clooney et Anna Kendrick dans In the Air.\n\nEn 2015, il obtient un Golden Globe ainsi qu\'un Oscar pour son rôle de professeur despotique de jazz dans Whiplash de Damien Chazelle.','Cinéma\n\nAnnées 1990\n1994 : Tel est pris qui croyait prendre (The Ref) de Ted Demme : Siskel\n1994 : Pompoko de Isao Takahata : Seizaemon (doublage anglais, 2004)\n1994 : La Révélation (The Scout) de Michael Ritchie : Assistant Coach\n1996 : Le Club des ex (The First Wives Club) de Hugh Wilson : Federal Marshal\n1996 : Mesure d\'urgence (Extreme Measures) de Michael Apted : Dr Mingus\n1997 : La Part du mal (Love Walked In) de Juan José Campanella : Mr. Shulman\n1997 : Crossing Fields de James Rosenow : Guy\n1997 : Le Chacal (The Jackal) de Michael Caton-Jones: T. I. Witherspoon, FBI\n1997 : Anastasia de Don Bluth et Gary Goldman : Ensemble and Character Vocals (voix)\n1998 : Celebrity de Woody Allen : Souvenir Hawker\n1998 : Above Freezing de Frank Todaro: Hoyd\n1999 : Hit and Runway (en) de Christopher Livingston : Ray Tilman\n1999 : L\'Œuvre de Dieu, la Part du Diable (The Cider House Rules) de Lasse Hallström : Ray Kendall\n1999 : Pour l\'amour du jeu (For Love of the Game) de Sam Raimi : Frank Perry\n1999 : I Lost My M in Vegas, court-métrage d\'animation de Gayle Ayers : Yellow (voix)\n\nAnnées 2000\n2000 : Une blonde en cavale (Beautiful Joe) de Stephen Metcalfe : rôle non crédité au générique\n2000 : Un automne à New York (Autumn in New York) de Joan Chen : Dr Tom Grandy\n2000 : Intuitions (The Gift) de Sam Raimi : Sheriff Pearl Johnson\n2001 : Le Mexicain (The Mexican) de Gore Verbinski : Ted Slocum\n2002 : Spider-Man de Sam Raimi: J. Jonah Jameson\n2003 : Disposal, court-métrage de Alex Turner : le chasseur plus âgé\n2003 : Off the Map de Campbell Scott : George\n2004 : Hidalgo de Joe Johnston : Buffalo Bill Cody\n2004 : Ladykillers (The Ladykillers) des frères Coen : Garth Pancake\n2004 : Spider-Man 2 de Sam Raimi : J. Jonah Jameson\n2005 : Thank You for Smoking de Jason Reitman : Budd \'BR\' Rohrabacher\n2005 : Bad Times (Harsh Times) de David Ayer : Agent Richards\n2006 : First Snow de Mark Fergus : Vacaro\n2007 : The Astronaut Farmer de Michael Polish : Jacobson\n2007 : Spider-Man 3 de Sam Raimi : J. Jonah Jameson\n2007 : Postal de Uwe Boll : Candidate Welles\n2007 : Détention secrète (Rendition) de Gavin Hood : Lee Mayers\n2007 : Juno de Jason Reitman : Mac MacGuff\n2008 : Burn After Reading des frères Coen : officier de la CIA\n2009 : The Vicious Kind de Lee Toland Krieger : Donald Sinclaire\n2009 : New in Town de Jonas Elmer : Stu Kopenhafer\n2009 : Red Sands d\'Alex Turner : Lt. Col. Arson\n2009 : I Love You, Man de John Hamburg : Oswald Klaven\n2009 : Les Zintrus (Aliens in the Attic) de John Schultz : Skip (voix)\n2009 : La Bachelière (Post Grad) de Vicky Jenson : Roy Davies\n2009 : Extract de Mike Judge : Brian\n2009 : Jennifer\'s Body de Karyn Kusama : Mr. Wroblewski\n2009 : In the Air (Up In the Air) de Jason Reitman : Bob\n\nAnnées 2010\n2010 : An Invisible Sign de Marilyn Agrelo : M. Jones\n2010 : Crazy on the Outside de Tim Allen : Ed\n2010 : Comme chiens et chats: La Revanche de Kitty Galore (Cats & Dogs: The Revenge of Kitty Galore) de Brad Peyton : Gruff K-9 (voix)\n2010 : A Beginner\'s Guide to Endings de Jonathan Sobol : oncle Pal\n2010 : Megamind de Tom McGrath : Warden (voix)\n2010 : True Grit de Joel et Ethan Coen : Avocat Daggett (voix)\n2011 : The Music Never Stopped (en) de Jim Kohlberg : Henry Sawyer\n2011 : The Good Doctor de Lance Daly : Detective Krauss\n2012 : The Words de Brian Klugman et Lee Sternthal : M. Jansen\n2012 : Contrebande de Baltasar Kormákur : Captain Camp\n2013 : Dark Skies de Scott Charles Stewart : Edwin Pollard\n2013 : Jobs de Joshua Michael Stern : Arthur Rock\n2013 : 3 Geezers! de Michelle Schumacher : J. Kimball\n2013 : Last Days of Summer (Labor Days) de Jason Reitman : M. Jervis\n2014 : Whiplash de Damien Chazelle : Terence Fletcher\n2014 : Barefoot de Andrew Fleming : Dr. Bertleman\n2014 : Murder of a Cat de Gillian Greene : Shérif Hoyle\n2014 : Men, Women and Children de Jason Reitman : M. Doss\n2014 : The Rewrite de Marc Lawrence : Dr. Lerner\n2015 : Terminator: Genisys d\'Alan Taylor : l\'inspecteur O\'Brien\n2015 : Worlds Apart de Christopher Papakaliatis: Sebastian\n2015 : The Meddler (en) de Lorene Scafaria : Zipper\n2016 : Zootopie de Byron Howard, Rich Moore et Jareb Bush : le maire Leodore Lionheart (voix)\n2016 : Kung Fu Panda 3 de Jennifer Yuh Nelson : Kaï (voix originale)\n2016 : Mr. Wolff (The Accountant) de Gavin O\'Connor : Ray King\n2016 : Traque à Boston (Patriots Day) de Peter Berg : Jeffrey Pugliese\n2016 : La La Land de Damien Chazelle : Bill\n2017 : Renegades de Steven Quale\n2017 : Le Bonhomme de neige (The Snowman) de Tomas Alfredson : Arve Støp\n2017 : Justice League de Zack Snyder : Commissaire James Gordon\n\nTélévision\n\nTéléfilms\n1986 : Manhattan Connexion (Popeye Doyle) de Peter Levin : patrouilleur dans le parc\n1997 : Face Down de Thom Eberhardt : Herb Aames\n2002 : Homeward Bound de Joshua Brand : Jim Ashton\n2002 : Sur le chemin de la guerre (Path to War) de John Frankenheimer (Téléfilm) : CIA Briefer\n2004 : 3: The Dale Earnhardt Story de Russell Mulcahy : Ralph Earnhardt\n2007 : Bury My Heart at Wounded Knee de Yves Simoneau : James McLaughlin\n2009 : Way of War (The Way of War) de Jon Carter : Sergent Mitchell\n\nSéries télévisées\n1994 : New York, police judiciaire (Law & Order) : Jerry Lupin (1 épisode)\n1995 : New York News (en) (1 épisode)\n1995 : The Adventures of Pete & Pete : Barber Dan (1 épisode)\n1996 : Homicide (Homicide: Life on the Street) : Col. Alexander Rausch\n1996 : New York Undercover (série télévisée) : Sergeant Treadway (1 épisode)\n1996 : Swift Justice : Mel Turman (1 épisode)\n1997 : Spin City : Kevin (1 épisode)\n1997 - 2003 : Oz : Vernon Schillinger (56 épisodes)\n1997 - 2010 : New York, police judiciaire : Dr Emil Skoda (45 épisodes)\n1998 : New York Undercover (série télévisée) : Psychologue (1 épisode)\n1998 : Remember WENN : Captain Amazon (1 épisode)\n1999 : Saturday Night Live : Vernon Schillinger (non crédité) (1 épisode)\n2000 : New York 911 (Third Watch) : Frank Hagonon (1 épisode)\n2000 - 2001 : New York, unité spéciale (Law & Order: Special Victims Unit) : Dr Emil Skoda (6 épisodes)\n2002 : New York, section criminelle (Law & Order: Criminal Intent) : Dr Emil Skoda (1 épisode)\n2003 : John Doe : Lucas Doya (1 épisode)\n2003 : Everwood : Phil Drebbles (1 épisode)\n2004 : Urgences : Gus Loomer (1 épisode)\n2004 : The D.A. : Dep. Dist. Atty. Joe Carter (2 épisodes)\n2004 : FBI : Portés disparus (Without a Trace) : Mark Wilson (1 épisode)\n2004 : The Jury : Ron Stalsukilis (1 épisode)\n2004 : Nip/Tuck : Ike Connors (1 épisode)\n2004 - 2005 : La Ligue des justiciers (Justice League) : General Wade Eiling (voix) (5 épisodes)1\n2005 : Arrested Development : General Anderson (1 épisode)\n2005 : Jack et Bobby : Cyrus Miller (1 épisode)\n2005 : Numb3rs : Dr Clarence Weaver (1 épisode)\n2005 - 2012 : The Closer : Chef Will Pope (88 épisodes)\n2006 : À la Maison-Blanche (The West Wing) : Harry Ravitch (1 épisode)\n2006 : Les Simpson : Rédacteur en chef de tabloïd (1 épisode)\n2007 : Kim Possible : Martin Smarty (voix) (3 épisode)\n2007 : Les Simpson : Rédacteur en chef de tabloïd (1 épisode)\n2007 : Queens Supreme : Ernest Fingerman (1 épisode)\n2007 : American Dad! : Juge (voix) (1 épisode)\n2008 : Phinéas et Ferb : J.B. (voix) (1 épisode)\n2008 : American Dad! : McCreary (voix)\n2008 : Ben 10: Alien Force : Magister Ghilhil (voix) (1 épisode)\n2009 - 2010 : Party Down : Leonard Stiltskin (2 épisodes)\n2009 : Les Merveilleuses Mésaventures de Flapjack (The Marvelous Misadventures of Flapjack) : Poséidon / Capitaine / Membre d\'équipage #3 / Marin #2 / Pirate (voix) (4 épisodes)\n2010 : Batman : L\'Alliance des héros : Evil Star / Guardian (voix) (1 épisode)\n2010 : Le Monde selon Tim (The Life and Times of Tim) : O\'Flaherty Sr. (voix) (1 épisode)\n2010 : Generator Rex : White Knight (14 épisodes)1\n2010 : Ben 10: Ultimate Alien : Magister Gilhil / Plombier (voix) (1 épisode)\n2011 : Raising Hope : Bruce Chance (1 épisode)\n2011 : Desert Car Kings (téléréalité) : narrateur (voix) (10 épisodes)\n2012 : Best Friends Forever : Don (1 épisode)\n2012 : Avengers : L\'Équipe des super-héros (Avengers: Earth\'s Mightiest Heroes) : J. Jonah Jameson (voix) (1 épisode)\n2012 : The Venture Bros. : Ben (voix) (1 épisode)\n2012 - 2015 : La Légende de Korra : Tenzin (voix) (23 épisodes)\n2012 -... : Ultimate Spider-Man : J. Jonah Jameson (voix) (28 épisodes)\n2012 -... : Men at Work : P.J. Jordan (5 épisodes)\n2013 : Parks and Recreation : Mayor Stice (1 épisode)\n2013 : Family Tools : Tony Shea (1 épisode)\n2013 : Hulk et les Agents du S.M.A.S.H. : J. Jonah Jameson (voix) (3 épisodes)\n2013 - 2014 : Avengers Assemble : J. Jonah Jameson (voix) (4 épisodes)\n2014 -... : Growing Up Fisher : Mel Fisher (12 épisodes)\n2014 - 2016 Souvenirs de Gravity Falls : Stanford Pines (10 épisodes)\n\nJeux vidéo\n2008 : Command & Conquer: Alerte Rouge 3 : Président Howard T. Ackerman.\n2011 : Portal 2 : Cave Johnson.'),
	(3,'Teller','Miles','1987-02-20','Miles Teller est né à Downingtown, en Pennsylvanie. Sa mère est agent immobilier et son père, ingénieur nucléaire. Miles est le benjamin de la famille, ayant deux grandes sœurs, Erin et Dana. Il a des origines anglaise, russe, irlandaise, polonaise et française1. Miles sait jouer de nombreux instruments comme le saxophone ou la batterie, et il dirigeait un club de théâtre quand il était au lycée.\n\nÉtudiant au Tisch School (en) de New York, il décroche un baccalauréat des beaux-arts. Durant ses études, il apprend la méthode au Lee Strasberg Theatre and Film Institute.','Cinéma\n\nLongs métrages\n\n2010 : Rabbit Hole de John Cameron Mitchell : Jason\n2011 : Footloose de Craig Brewer : Willard Hewitt\n2012 : Projet X de Nima Nourizadeh : lui-même\n2013 : The Spectacular Now de James Ponsoldt : Sutter Keely\n2013 : 21 and Over de Jon Lucas et Scott Moore : Miller\n2013 : Two Night Stand de Max Nichols : Alec\n2013 : That Awkward Moment de Tom Gormican : Daniel\n2014 : Divergente (Divergent) de Neil Burger : Peter\n2014 : Whiplash de Damien Chazelle : Andrew Neiman\n2015 : Divergente 2 : L\'Insurrection (Insurgent) de Robert Schwentke : Peter\n2015 : Get a Job (en) de Dylan Kidd : Will Davis\n2015 : Les 4 Fantastiques (Fantastic Four) de Josh Trank : Reed Richards / Mr Fantastique\n2016 : Divergente 3 : Au-delà du mur (Allegiant) de Robert Schwentke : Peter\n2016 : War Dogs de Todd Phillips : David Packouz (en)\n2016 : K.O. - Bleed for This (Bleed for This) de Ben Younger : Vinny Pazienza\n2017 : Only the Brave de Joseph Kosinski : Brendan « Donut » McDonough\n2017 : Thank You for Your Service de Jason Hall : Adam Schumann\n\nCourts métrages\n2004 : Moonlighters : Miles\n2007 : A Very Specific Recipe : Lee\n2007 : The Musicians : Miguel\n2010 : The Track Meet : Andrew\n\nTélévision\n\nSérie télévisée\n2009 : The Unusuals : James Boorland (saison 1, épisode 2)'),
	(4,'Benoist','Melissa','1988-10-04','Melissa Benoist sort du lycée d\'Arapahoe High School en 2007, le diplôme en poche et quitte le Colorado pour faire ses études à New-York, à l’université de Marymouth Manhattan. Elle en sort diplômée en 2011.\nElle obtient un premier rôle au cinéma en 2008 dans le film Tennessee dont Mariah Carey est l\'une des actrices principales.\n\nElle décroche un rôle dans le film Imagine de Dan Fogelman qui est prévu pour 2014. Elle y jouera Jamie, une réceptionniste dans un hôtel fréquenté par une de ses rock stars favorites. Elle décroche également l\'un des rôles principaux du film indépendant Whiplash au côté de Miles Teller, film applaudi par la critique au Sundance Festival ainsi qu\'au festival de Cannes.\n\nDébut 2014, elle annonce lors d\'un événement qu\'elle n\'est plus prévue dans Glee après l\'épisode « New Directions ».\n\nElle participe également au projet de Blake, Billy Boy, un film écrit par ce dernier et financé par les fans, dans lequel elle tiendra le rôle de l\'héroïne principale.\n\nElle a joué dans une adaptation d\'un livre de Nicholas Sparks, The Longest Ride avec Scott Reeves.\n\nÀ partir de la rentrée 2015, elle tient le rôle-titre de la série télévisée Supergirl, diffusée sur CBS sur la saison 2015-2016 puis sur CW dès septembre 2016 et intégrant l\'Arrowverse, univers partagé entre les séries Arrow, Flash et Legends of Tomorrow.\nEn 2012, elle se met en couple avec Blake Jenner, son partenaire dans Glee - avec qui elle se fiance en juillet 20132,3 et se marie en mars 20154. En décembre 2016, elle demande le divorce après un an de mariage au motif de « différends irréconciliables »5,6.\n\nDepuis janvier 2017, elle est en couple avec l\'acteur Chris Wood, rencontré sur le tournage de la série télévisée Supergirl7,8.\n\nMelissa Benoist est la meilleure amie de Chyler Leigh et ses enfants l\'appellent \"tante Melissa\"9,10.','Cinéma\n2008 : Tennessee d\'Aaron Woodley : Laurel à 18 ans\n2014 : Whiplash de Damien Chazelle : Nicole\n2015 : Danny Collins de Dan Fogelman : Jamie\n2015 : Chemins croisés (The Longest Ride) de George Tillman, Jr. : Marcia (rôle secondaire)\n2015 : Band Of Robbers (en) d\'Aaron et Adam Nee : Becky Tatcher\n2016 : Lowriders de Ricardo de Montreuil : Lorelai\n2016 : Traque à Boston (Patriots Day) de Peter Berg : Katherine Russell\n2017 : Sun Dogs de Jennifer Morrison : Tally Petersen\n2017 : Juvenile de Bradley Buecker : Jennifer\n\nTélévision\n2010 : New York, section criminelle (Law and Order: Criminal Intent) : Jessalyn Kerr (saison 9 , épisode 4)\n2010 : Blue Bloods : Renée\n2010 : New York, unité spéciale (Law and Order: Special Victims Unit) : Ava (saison 12 , épisode 5)\n2010 : The Good Wife : Molly\n2011 : Homeland : Stacy Morton (2 épisodes)\n2012-2014 : Glee : Marley Rose (35 épisodes)\n2013 : MasterChef : elle-même\ndepuis 2015: Supergirl : Kara Danvers / Supergirl / Kara Zor-El\n2016-2017 : Flash : Kara Danvers / Supergirl / Kara Zor-El (saison 3, épisodes 8 et 17)\n2016 : Arrow : Kara Danvers / Supergirl / Kara Zor-El (saison 5, épisode 8)\n2016 : Legends of Tomorrow : Kara Danvers / Supergirl / Kara Zor-El (saison 2, épisode 7)'),
	(5,'Reiser','Paul','1957-03-30','Paul Reiser est un acteur, producteur et scénariste américain né le 30 mars 1957 à New York, New York (États-Unis).\n','Comme acteur\n1982 : Diner : Modell\n1983 : Diner (série TV) : Modell\n1983 : Sunset Limousine (TV) : Jay Neilson\n1984 : Le Flic de Beverly Hills (Beverly Hills Cop) : Jeffrey Friedman\n1985 : From Here to Maternity (TV) : Marco\n1986 : Odd Jobs : Max\n1986 : Aliens, le retour (Aliens) : Carter Burke\n1987 : You Ruined My Life (TV) : Dexter Bunche\n1987 : Le Flic de Beverly Hills 2 (Beverly Hills Cop II) : inspecteur Jeffrey Friedman\n1987 : Cross My Heart (en) : Bruce Gaynor\n1990 : Les Fous de la pub (Crazy People) : Stephen Bachman\n1991 : La Chanteuse et le Milliardaire (The Marrying Man) : Phil Golden\n1992 à 1999 : Dingue de toi (Mad about you) (série TV) : Paul Buchman\n1993 : Family Prayers : Dan Linder\n1993 : The Tower (TV) : Tony Minot\n1994 : Mr. Write : Charlie Fischer\n1995 : Bye Bye Love de Sam Weisman : Donny\n1999 : Pros & Cons : un prisonnier\n1999 : Une vie à deux (The Story of Us) : Dave, l\'agent de Ben\n2001 : Divine mais dangereuse (One Night at McCool\'s) : Carl Harding\n2001 : À la recherche de la vérité (My Beautiful Son) (TV) : Dr. Jerry Lipman\n2002 : Risque-tout (Purpose) : Pr. Ben Fisher\n2002 : Women vs. Men (TV) : Bruce\n2005 : The Thing About My Folks : Ben Kleinman\n2013 : Ma vie avec Liberace (Behind the Candelabra) (TV) : M. Felder\n2014 : Whiplash : Jim Neiman, le père d\'Andrew\n2015 : 6 Miranda Drive de Greg McLean :\n2015 : Seul contre tous (Concussion) de Peter Landesman : Dr. Elliot Pellman\n2016 : War on Everyone : Au-dessus des lois (War on Everyone) de John Michael McDonagh : lieutenant Gerry Stanton\n2017 : Les Bonnes Sœurs (The Little Hours) de Jeff Baena : Ilario\n2017 : Stranger Things (série TV) - saison 2 : Dr. Owens\n\nComme scénariste\n1988 : Paul Reiser Out on a Whim (TV)\n1992 : 3 1/2 Blocks from Home\n1992 à 1999 : Dingue de toi (TV, Mad about you) : producteur et scénariste de nombreux épisodes de la série\n2003 : Untitled New York Pilot (TV)\n2004 : Popeye\'s Voyage: The Quest for Pappy (vidéo)\n2005 : The Thing About My Folks\n\nComme producteur\n1992 : 3 1/2 Blocks from Home\n1992 à 1999 : Dingue de toi (Mad about you) (série TV) : producteur (co-créateur) et scénariste de nombreux épisodes de la série\n2001 : Second to None (TV)\n2003 : Untitled New York Pilot (TV)\n2004 : Popeye\'s Voyage: The Quest for Pappy (vidéo)\n2005 : The Thing About My Folks\n2006 : I Did Not Know That (TV)\n2006 : Love Bites (série TV)'),
	(6,'Adams','Amy','1974-08-20','Adams est née le 20 août 1974 à Vicence, dans la région de Vénétie, en Italie6 et est la quatrième des sept enfants de Kathryn (née Hicken) et Richard Kent Adams2. Elle a quatre frères et deux sœurs7. Son père était un militaire américain stationné à la Caserma Ederle (en), une base américaine située à Vicence8. Par la suite, elle déménage de garnison en garnison suivant les affectations de son père, avant de partir aux États-Unis, à Castle Rock, dans le Colorado, à l\'âge de huit-neuf ans9. Aux États-Unis, son père se lance dans une carrière de chanteur professionnel tandis que sa mère est une semi-culturiste professionnelle9,10. Amy est élevée dans une famille mormone jusqu\'au divorce de ses parents lorsqu\'elle a onze ans11. De son enfance, elle dira que c\'était comme dans le livre Sa Majesté des mouches, car « personne n\'était là » pour les surveiller elle et ses frères et sœurs, passant leur temps à « faire des bêtises », ajoutant qu\'ils se promenaient en ville, se baignaient dans la fontaine municipale, pêchaient et \'improvisaient une chorale dans la rue, ainsi que de dire à des vieilles dames que leurs parents les avaient abandonnés et qu\'ils voulaient une glace12. En 2007, elle déclare que son éducation religieuse lui a inculqué un système de valeurs qui sont toujours valables pour elle, « Le basique \"ne faites pas à autrui...\", ce qui a été martelé en moi. Et l\'amour »13.\n\nAmy suit une scolarité au lycée Douglas County High School, où elle pratique le chant, et prend également des cours de danse au David Taylor Dance Company, une compagnie locale, avec l\'ambition de devenir ballerine14. Très jeune, elle se produit dans des cabarets du Minnesota et du Colorado pour animer des dîners dansants, qui lui permet de gagner de l\'argent12. Elle qualifie cette expérience comme l\'une des « plus beaux moments » de sa jeunesse, car sa famille menait une « vie de bohème très protégée et chaleureuse »12. Contrairement aux désirs de ses parents, elle renonce à poursuivre son entraînement sportif, ce qui lui aurait donné une chance d\'obtenir une bourse d\'études universitaires. Sur cette période, elle dit : « Je n\'étais pas une de ces personnes qui ont apprécié d\'aller à l\'école, je regrette de ne pas avoir eu une éducationN 1 »15. Après avoir obtenu son diplôme d\'études secondaires, elle déménage à Atlanta avec sa mère9. Elle estime qu\'elle n\'est pas assez douée pour être une ballerine professionnelle et entre dans le monde du théâtre musical, qui selon elle, était « beaucoup mieux adapté » à sa personnalité13. Elle a dit que le ballet était trop « discipliné et trop restreint et on m\'a toujours réprimandée dans la troupe »16 et que son corps était à l\'époque « juste brisé en dansant durant toutes ces années »13.\n\nÂgée de 18 ans, elle enchaîne alors les petits boulots afin de gagner de l\'argent, notamment comme réceptionniste chez Gap, tout en jouant dans le théâtre communautaire14. Après le lycée, son premier travail à plein temps est un emploi de serveuse chez Hooters, durant plusieurs semaines17,18, fait qui est devenu le « communiqué de presse de sa carrière » pendant un certain temps[Combien ?]18. Elle quitte son emploi trois semaines plus tard, après avoir économisé assez d\'argent pour acheter sa première voiture9. Elle a admis qu\' « il y avait certainement une innocence concernant le Hooters. Bien que j\'ai appris, rapidement, que des shorts et de la bière ne se mélangent pasN 2 »9. Elle trouve ensuite du travail en tant que danseuse, d\'abord au Boulder Dinner\'s Theatre, puis au Country Dinner Playhouse, où elle est remarquée en 1995 par Michael Brindisi, le directeur d\'un théâtre de Minneapolis19. Elle déménage à Chanhassen, dans le Minnesota, et travaille au Chanhassen Dinner Theatre pendant les trois années suivantes. La mort de son meilleur ami, qu\'elle connaissait depuis l\'enfance et avec lequel elle est sortie, survenu en montagne, lui fait comprendre « qu’on n’avait qu’une vie » et qu\'il fallait se dépêcher car elle était en train de la vivre. Depuis ce drame, elle s\'est dit qu\'elle n\'aurait « jamais plus peur de rien »12.','Cinéma\n\nLongs métrages\n1999 : Belles à mourir (Drop Dead Gorgeous) de Michael Patrick Jann : Leslie Miller\n2000 : Psycho Beach Party de Robert Lee King : Marvel Ann\n2000 : Sexe Intentions 2 (Cruel Intentions 2) de Roger Kumble : Kathryn Merteuil\n2002 : The Slaughter Rule d\'Alex Smith et Andrew J. Smith : Doreen\n2002 : Pumpkin d\'Anthony Abrams et Adam Larson Border : Alex\n2002 : Au service de Sara (Serving Sara) de Reginald Hudlin : Kate\n2002 : Arrête-moi si tu peux (Catch Me If You Can) de Steven Spielberg : Brenda Strong\n2004 : The Last Run de Jonathan Segel : Alexis\n2004 : L\'Escorte (The Wedding Date) de Clare Kilner : Amy\n2005 : Junebug de Phil Morrison : Ashley Johnsten\n2005 : Standing Still de Matthew Cole Weiss : Elise\n2006 : Moonlight Serenade de Giancarlo Tallarico : ChloeN 11\n2006 : Ricky Bobby : Roi du circuit (Talladega Nights: The Ballad of Ricky Bobby) d\'Adam McKay : Susan\n2006 : Tenacious D et le Médiator du destin (Tenacious D in The Pick of Destiny) de Liam Lynch : La femme superbe (caméo)\n2006 : Son ex et moi (Fast Track) de Jesse Peretz : Abby MarchN 12\n2007 : Underdog, chien volant non identifié (Underdog) de Frederik Du Chau : Polly PureBread (voix)\n2007 : Il était une fois (Enchanted) de Kevin Lima : Giselle\n2007 : La Guerre selon Charlie Wilson (Charlie Wilson\'s War) de Mike Nichols : Bonnie Bach\n2008 : Sunshine Cleaning de Christine Jeffs : Rose Lorkowski\n2008 : Miss Pettigrew (Miss Pettigrew Lives for a Day) de Bharat Nalluri : Delysia Lafosse\n2008 : Doute (Doubt) de John Patrick Shanley : Sœur James\n2009 : La Nuit au musée 2 (Night at the Museum: Battle of the Smithsonian) de Shawn Levy : Amelia Earhart / la jeune femme du musée\n2009 : Julie et Julia (Julie & Julia) de Nora Ephron : Julie Powell\n2010 : Donne-moi ta main (Leap Year) d\'Anand Tucker : Anna Brady\n2010 : Love and Distrust de Warner Loughlin et Diana Valentine : Charlotte Brown (segment Pennies107)\n2010 : Fighter (The Fighter) de David O. Russell : Charlene Fleming\n2011 : Les Muppets, le retour (The Muppets) de James Bobin : Mary\n2012 : Sur la route (On the Road) de Walter Salles : Jane\n2012 : The Master de Paul Thomas Anderson : Peggy Dodd\n2012 : Une nouvelle chance (Trouble with the Curve) de Robert Lorenz : Mickey Lobel\n2013 : Man of Steel de Zack Snyder : Lois Lane\n2013 : Her de Spike Jonze : Amy\n2013 : American Bluff (American Hustle) de David O. Russell : Sydney Prosser\n2014 : Lullaby d\'Andrew Levitas : Emily\n2014 : Big Eyes de Tim Burton : Margaret Keane\n2016 : Batman v Superman : L\'Aube de la justice (Batman v Superman: Dawn of Justice) de Zack Snyder : Lois Lane\n2016 : Premier Contact (Arrival) de Denis Villeneuve : le docteur Louise Banks\n2016 : Nocturnal Animals de Tom Ford : Susan Morrow\n\nProchainement\n2017 : Justice League de Zack Snyder : Lois Lane (en tournage, sortie prévue pour novembre 2017 aux États-Unis et en France)\n2018 : Backseat d\'Adam McKay : Lynne Cheney (en cours de tournage, date de sortie inconnue\n\nCourts métrages\n2000 : The Chromium Hook de James Stanger : Jill Royaltuber\n2006 : Pennies de Warner Loughlin et Diana Valentine : Charlotte Brown\n2013 : Back Beyond de Paul Thomas Anderson : Peggy Dodd N 13\n\nDocumentaires\n2005 : Stephen Tobolowsky\'s Birthday Party de Robert Brinkmann : Elle-même\n\nTélévision\n\nTéléfilms\n2000 : The Peter Principle de Michael Lembeck : Susan\nSéries télévisées[modifier | modifier le code]\n2000 : That \'70s Show : Kat Peterson (saison 2; épisode 15)\n2000 : Charmed : Maggie Murphy (saison 2; épisode 16)\n2000 : Zoé, Duncan, Jack et Jane (Zoe, Duncan, Jack & Jane): Dinah (saison 2; épisode 9)\n2000 : Providence : Rebecca « Becka » Taylor (saison 3; épisode 3)\n2000 : Buffy contre les vampires (Buffy the Vampire Slayer) : Cousine Beth (saison 5; épisode 6)\n2001 : Smallville : Jodi Melville (saison 1; épisode 7)\n2002 : À la Maison-Blanche (The West Wing) : Cathy (saison 4; épisode 1)\n2004 : Les Rois du Texas (King of the Hill) : Misty (voix - saison 8; épisode 11); Merilynn / Sunshine (voix - saison 8; épisode 13) ; rôle inconnu (voix - saison 8, épisode 22)\n2004 : Dr Vegas : Alice Doherty (saison 1; épisodes 1 à 5)\n2005-2006 : The Office : Katy Moore (saison 1, épisode 6 • saison 2, épisodes 4 et 11)\n2008-2014 : Saturday Night Live : elle-même / personnages variés (saison 33; épisode 7 • saison 40, épisode 10)\n2011 : 1, rue Sésame (Sesame Street) : elle-même (saison 42, épisode 15)\n\nProchainement \n2017 : Sharp Objects (en) : Camille Preaker (8 épisodes; également productrice exécutive — en tournage)'),
	(7,'Renner','Jeremy','1971-01-07','Jeremy Renner est l\'ainé d\'une famille de sept enfants. À l\'âge de 19 ans, il découvre la comédie, qui devient sa vocation, et part à San Francisco où il se produit dans les théâtres locaux.\n\nIl déménage ensuite à Los Angeles où il travaille comme maquilleur et décroche quelques rôles sur scène, notamment dans Search and Destroy.','Acteur\n\nCinéma\n1995 : Alarme totale (National Lampoon\'s Senior Trip) de Kelly Makin : Mark « Dags » D\'Agastino\n1996 : Paper Dragons d\'Adolfo Swaya : Jack\n2001 : Fish in a Barrel de Kent Dalian : Remy\n2002 : Monkey Love de Mark Stratton : Dil\n2002 : Dahmer le Cannibale (Dahmer) de David Jacobson : Jeffrey Dahmer\n2003 : S.W.A.T. unité d\'élite (S.W.A.T.) de Clark Johnson : Brian Gamble\n2004 : Le Livre de Jérémie (The Heart Is Deceitful Above All Things) d\'Asia Argento : Emerson\n2005 : Neo Ned de Van Fischer : Ned\n2005 : Les Seigneurs de Dogtown (Lords of Dogtown) de Catherine Hardwicke : le manager de Jay Adams (non crédité)\n2005 : 12 and Holding de Michael Cuesta : Gus Maitland\n2005 : Crime City (A Little Trip to Heaven) de Baltasar Kormákur : Fred\n2005 : L\'Affaire Josey Aimes (North Country) de Niki Caro : Bobby Sharp\n2006 : Love Comes to the Executioner de Kyle Bergersen : Chick Prigusivac\n2007 : 28 semaines plus tard (28 Weeks Later) de Juan Carlos Fresnadillo : Doyle\n2007 : Take de Charles Oliver : Saul\n2007 : L\'Assassinat de Jesse James par le lâche Robert Ford (The Assassination of Jesse James by the Coward Robert Ford) d\'Andrew Dominik : Wood Hite\n2009 : Démineurs (The Hurt Locker) de Kathryn Bigelow : le sergent William James\n2009 : Une idée de génie (Lightbulb) de Jeff Balsmeyer : Sam Schooler\n2010 : The Town de Ben Affleck : James Coughlin\n2011 : Thor de Kenneth Branagh : Clint Barton / Hawkeye\n2011 : Mission impossible : Protocole Fantôme (Mission: Impossible - Ghost protocol) de Brad Bird  : William Brandt\n2012 : Avengers (The Avengers) de Joss Whedon : Clint Barton / Hawkeye\n2012 : Jason Bourne : L\'Héritage (The Bourne Legacy) de Tony Gilroy : Aaron Cross / Kenneth James Kitsom\n2013 : Hansel et Gretel : Witch Hunters (Hansel and Gretel: Witch Hunters) de Tommy Wirkola : Hansel\n2013 : The Immigrant de James Gray : Orlando le magicien\n2013 : American Bluff (American Hustle) de David O. Russell : le maire Carmine Pollito\n2014 : Secret d\'État (Kill the Messenger) de Michael Cuesta : Gary Webb (également producteur)\n2015 : Avengers : L\'Ère d\'Ultron (Avengers: Age of Ultron) de Joss Whedon : Clint Barton / Hawkeye\n2015 : Mission impossible : Rogue Nation (Mission: Impossible – Rogue Nation) de Christopher McQuarrie : William Brandt\n2016 : Captain America: Civil War d\'Anthony et Joe Russo : Clint Barton / Hawkeye\n2016 : Premier Contact (Arrival) de Denis Villeneuve : Ian Donnelly\n2017 : Vegas Academy: Coup de poker pour la fac (The House) d\'Andrew Jay Cohen : Tommy (caméo)\n2017 : Wind River de Taylor Sheridan : Cory Lambert\n\nProchainement\n2018 : Avengers: Infinity War d\'Anthony et Joe Russo : Clint Barton / Hawkeye\n\nTélévision\n\nTéléfilms\n1996 : Jeunesse volée (A Friend\'s Betrayal) de Christopher Leitch\n1997 : A Nightmare Come True de Christopher Leitch\n\nSéries télévisées\n1995 : Deadly Games : Tod (saison 1, épisode 3)\n1996 : Drôle de chance (Strange Luck) : Jojo Picard (saison 1, épisode 16)\n1999 : Zoé, Duncan, Jack et Jane (Zoe, Duncan, Jack and Jane) : Jack (saison 1, épisode 1)\n1999 : Traque sur Internet (The Net) : Ted Nida (saison 1, épisode 21)\n1999 : Sarah (Time of Your Life) : Taylor (saison 1, épisode 6)\n2000 : Angel : Penn (Saison 1, épisode 11)\n2001 : Les Experts (CSI: Crime Scene Investigation) : Roger Jennings (saison 2, épisode 6)\n2007 : Dr House (House) : Jimmy Quidd (saison 4, épisode 9)\n2008 : The Oaks : Dan (saison 1, épisode 1)\n2009 : The Unusuals : l\'inspecteur Jason Walsh (saison 1 de 10 épisodes)\n2011 : Robot Chicken : le sergent First Class William James (série d\'animation - saison 5, épisode 19 - voix originale)\n2014 : Louie : le dealer (saison 4, épisode 11 et 12)\n\nJeux vidéo\n2004 : Catwoman: The Game : le policier (voix originale)\n\nProducteur\n2016 : Le Fondateur (The Founder) de John Lee Hancock'),
	(8,'Whitaker','Forest','1961-07-15','Forest Whitaker est diplômé de l\'école de théâtre (School of Theater) de l\'université de la Californie du Sud (USC).\n\nIl a joué aux côtés de Robin Williams dans Good Morning Vietnam, mais il a été véritablement révélé en 1988, à 27 ans, pour son interprétation du jazzman Charlie Parker dans le film Bird de Clint Eastwood, qui lui a valu le prix d\'interprétation masculine au Festival de Cannes.\n\nEn 1999, son rôle de Ghost Dog, tueur adoptant la philosophie des samouraïs teinté de culture hip-hop au service de la mafia dans le film homonyme de Jim Jarmusch, obtient un grand succès.\n\nEn 2006, il interprète le rôle de Jon Kavanaugh, officier de l\'IAD (Internal Affairs Department) chargé de faire tomber la « Strike Team », dans la saison 5 de la série The Shield. La même année, son rôle du dictateur de l\'Ouganda, Idi Amin Dada, dans le film Le Dernier Roi d\'Écosse, est récompensé de nombreux prix dont l\'Oscar du meilleur acteur.','Acteur\nCinéma\n\nAnnées 1980\n1982 : TAG : Le Jeu de l\'assassinat (Tag: The Assassination Game) de Nick Castle: le garde du corps de Gowdy\n1982 : Ça chauffe au lycée Ridgemont d\'Amy Heckerling : Charles Jefferson\n1985 : Vision Quest d\'Harold Becker : Balldozer\n1986 : La Couleur de l\'argent de Martin Scorsese : Amos\n1986 : Platoon d\'Oliver Stone: Big Harold\n1987 : Étroite Surveillance de John Badham : Jack Pismo\n1987 : Good Morning, Vietnam de Barry Levinson :\n1988 : Bloodsport de Newt Arnold : Rawlins\n1988 : Bird de Clint Eastwood : Charlie « Bird » Parker\n1989 : Johnny Belle Gueule de Walter Hill : Steven Fisher\n\nAnnées 1990\n1990 : Deux flics à Downtown de Richard Benjamin : Dennis Curren\n1991 : Rage in Harlem de Bill Duke : Jackson\n1991 : Hit Man, un tueur (Diary of a Hitman) de Roy London : Dekker\n1992 : Article 99 de Howard Deutch : Sid Handleman\n1992 : The Crying Game de Neil Jordan : Jody\n1992 : Jeux d\'adultes d\'Alan J. Pakula : David Duttonville\n1993 : Body Snatchers de Abel Ferrara : major Collins\n1993 : Bank Robber de Nick Mead : officier Battle\n1994 : Blown Away de Stephen Hopkins : Anthony Franklin\n1994 : Jason\'s Lyric de Doug McHenry : Maddog\n1994 : Prêt-à-Porter de Robert Altman : Cy Bianco\n1995 : Smoke de Wayne Wang : Cyrus Cole\n1995 : La Mutante de Roger Donaldson : Dan Smithson / Empath\n1996 : Phénomène de Jon Turtletaub: Nate Pope\n1998 : Body Count de Robert Patton-Spruill : Crane\n1999 : Ghost Dog : La Voie du samouraï de Jim Jarmusch : Ghost Dog\n1999 : Light It Up de Craig Bolotin : officier Dante Jackson\n\nAnnées 2000\n2000 : Battlefield Earth - Terre champ de bataille de Roger Christian: Ker\n2000 : Murder Party (Four Dogs Playing Poker) de Paul Rachman : M. Ellington\n2001 : Green Dragon de Timothy Linh Bui : Addie\n2001 : The Hire: The Follow de Wong Kar-wai : l\'employeur (non crédité)\n2001 : Vengeance secrète de John Irvin : agent Jules Bernard\n2002 : Panic Room de David Fincher : Burnham\n2002 : Phone Game de Joel Schumacher : Capitaine Ramey\n2004 : Des étoiles plein les yeux de Forest Whitaker : narrateur (voix)\n2005 : Mary de Abel Ferrara : Ted Younger\n2005 : Crime City de Baltasar Kormákur : Abe Holt\n2005 : American Gun d\'Aric Avelino : Carter\n2006 : Even Money de Mark Rydell : Clyde Snow\n2006 : Le Dernier Roi d\'Écosse de Kevin Macdonald : Idi Amin Dada\n2007 : États de choc de Jieho Lee : Happiness\n2007 : Ripple Effect de Philippe Caland: Philip\n2007 : The Great Debaters de Denzel Washington : James J. Farmer, Sr.\n2008 : Angles d\'attaque de Pete Travis : Howard Lewis\n2008 : Au bout de la nuit de David Ayer : capitaine Jack Wander\n2008 : Points de rupture (Powder Blue) de Timothy Linh Bui : Charlie\n2009 : Fragments de Rowan Woods : Charlie Archenault\n2009 : Max et les Maximonstres de Spike Jonze : Ira\n2009 : Hurricane Season de Tim Story (vidéofilm) : Al Collins\n\nAnnées 2010\n2010 : Repo Men de Miguel Sapochnik : Jake Freivald\n2010 : My Own Love Song d\'Olivier Dahan : Joey\n2010 : The Experiment de Paul Scheuring : Barris\n2010 : Lullaby de Benoît Philippon : George\n2011 : La Guerre des pères de Rick Famuyima : Brad Boyd\n2011 : Sans compromis de Aaron Harvey : Ronny\n2012 : Unités d\'élite (Freelancers) de Jessy Terrero : Larue\n2013 : A Dark Truth de Damian Lee : Francisco Francis\n2013 : Le Dernier Rempart de Kim Jee-woon : agent John Bannister\n2013 : Le Majordome (The Butler) de Lee Daniels : Cecil Gaines\n2013 : Repentance de Philippe Caland : Angel\n2013 : Zulu de Jérôme Salle : Ali Neuman\n2013 : Pawn de David A. Armstrong : Will\n2013 : Black Nativity de Kasi Lemmons : le révérend Cornell\n2013 : Les Brasiers de la colère (Out of the Furnace) de Scott Cooper : Wesley Barnes\n2014 : La Voie de l\'ennemi de Rachid Bouchareb : William Garnett\n2015 : Taken 3 d\'Olivier Megaton : Franck Dotzler\n2015 : La Rage au ventre (Southpaw) d\'Antoine Fuqua : Titus « Tick » Wills\n2016 : Premier Contact (Arrival) de Denis Villeneuve : colonel Weber\n2016 : Rogue One de Gareth Edwards : Saw Gerrera\n2017 : LAbyrinth de Brad Furman : Jack Jackson\n2018 : Black Panther de Ryan Coogler : Zuri\n\nTélévision\n1985 : The Grand Baby\n1985 : L\'Homme qui tombe à pic, épisode La Disquette volée (4.20) : un ami\n1985-1986 : Nord et Sud : Cuffey\n1987 : La nuit tombe sur Manhattan (Hands of a Stranger) de Larry Elikann : sergent Delaney\n1990 : Innocent coupable (Criminal Justice) : Jessie Williams\n1993 : Last Light : Fred Whitmore\n1993 : Lush Life : Buddy Chester\n1994 : L\'ennemi est parmi nous : colonel MacKenzie « Mac » Casey\n1996 : Étoile de Harlem (Rebound: The Legend of Earl \'The Goat\' Manigault) : M. Rucker\n1999 : Témoins sous contrôle : marshal fédéral Steven Beck\n2001 : Feast of All Saints : le daguerréotypiste Picard\n2002 : La Treizième Dimension (The Twilight Zone) (Série TV) : Le Narrateur\n2005 : Deacons for Defense : Marcus Clay\n2006 : Urgences (saison 13) : Curtis Ames\n2006 : The Shield (saisons 5-6) : lieutenant Jon Kavanaugh\n2006 : The Marsh : Geoffrey Hunt\n2010 : Esprits criminels, épisode The Fight (5.18) : agent Sam Cooper\n2011 : Criminal Minds: Suspect Behavior : agent Sam Cooper\n2016 : Racines : Fiddler\n2017 : Star wars Rogue One : Saw Gerrera\n\nProducteur\n\nCinéma\n1991 : Rage in Harlem de Bill Duke - coproducteur\n2001 : Green Dragon de Timothy Linh Bui - producteur exécutif\n2003 : Chasing Papi - producteur\n2004 : Des étoiles plein les yeux de Forest Whitaker - producteur exécutif\n2005 : American Gun d\'Aric Avelino- producteur exécutif\n2013 : Fruitvale Station de Ryan Coogler- producteur exécutif\n\nTélévision\n1998 : Black Jaq - producteur exécutif\n2001 : Feast of All Saints - producteur exécutif\n2002 : Door to Door - coproducteur exécutif\n\nRéalisateur\n\nCinéma\n1995 : Waiting to Exhale\n1998 : Hope Floats\n2004 : Des étoiles plein les yeux\n\nTélévision\n1993 : Strapped\n1998 : Black Jaq'),
	(9,'Villeneuve','Denis','1967-10-03','Jeunesse et formation[modifier | modifier le code]\nDenis Villeneuve a fait ses études secondaires au Séminaire Saint-Joseph de Trois-Rivières, ses études collégiales en sciences de la nature au Cégep de Trois-Rivières, puis ses études universitaires en cinéma à l\'Université du Québec à Montréal.\n\nEn 1990-1991, il remporte la Course Europe-Asie grâce à ses reportages audacieux. Produit et diffusé par la télévision de Radio-Canada, le concours réserve à son gagnant un billet pour réaliser un film avec l\'Office national du film du Canada (ONF).\n\nDébuts de réalisateur (1988-1996)[modifier | modifier le code]\nAprès avoir accompagné Pierre Perrault dans le Grand Nord canadien pour son tout dernier film, Cornouailles, Villeneuve réalise son premier film professionnel avec l\'ONF, sur un thème imposé fourni par l\'Agence canadienne de développement international : le multiculturalisme. Tourné en Jamaïque, REW FFWD raconte l\'histoire d\'un photographe retenu par une panne d\'auto dans un ghetto réputé dangereux.\n\nEn 1996, il scénarise et réalise un des segments du film collectif Cosmos, sélectionné à la Quinzaine des réalisateurs au Festival de Cannes 1997 et récipiendaire du prix international des cinémas d’art et d’essai.\n\nRévélation critique du cinéma canadien (1998-2010)[modifier | modifier le code]\nEn 1998, il signe le scénario et la réalisation de son premier long-métrage, Un 32 août sur Terre, présenté dans plus de trente-cinq festivals internationaux. Le film fait notamment partie des sélections officielles de Cannes et Toronto. Un 32 août sur Terre est aussi retenu pour représenter le Canada aux Oscars 1999 dans la catégorie du « Meilleur film en langue étrangère ».\n\nEn 2000, il écrit et réalise son deuxième long métrage, Maelström, sélectionné par une quarantaine de festivals, dont le Festival du film de Sundance et le Festival international du film de Toronto. Le film récolte plus de vingt-cinq prix à travers le monde, parmi lesquels le Prix de la Critique Internationale (FISPRESCI) au Festival de Berlin, le Prix SACD pour le meilleur scénario, ainsi que le Prix Génie du meilleur film au Canada. Maelström représente à son tour le Canada aux Oscars en 2001.\n\nIl a réalisé un court métrage de fiction intitulé Next Floor qui, après avoir été présenté lors de la Semaine de la critique au Festival de Cannes en mai 2008, a remporté le Grand Prix Canal+ du meilleur court-métrage.\n\nIl confirme en signant le long-métrage Polytechnique, portant sur la tuerie de l\'École Polytechnique de Montréal, présenté à la Quinzaine des réalisateurs lors du 62e Festival de Cannes.\n\nL\'année suivante, il dévoile Incendies, l’adaptation cinématographique de la pièce à succès de Wajdi Mouawad, dont la première a eu lieu à la Mostra de Venise. Le film est nommé aux Oscars 2011 dans la catégorie du « meilleur film en langue étrangère ». Il a remporté 8 prix Génie ainsi que 9 prix Jutra, notamment ceux du meilleur film et de la meilleure réalisation. Incendies est considéré par le New York Times comme un des 10 meilleurs films de 20112.\n\nPassage à Hollywood (2013-)[modifier | modifier le code]\nL\'année 2013 marque son arrivée sur le marché hollywoodien : il est derrière les thrillers psychologiques Prisoners, puis Enemy (bien que ce dernier ait été tourné en premier, déjà avec Jake Gyllenhaal). Les deux longs-métrages sont présentés au Festival international du film de Toronto 2013, et sont acclamés par la critique. Prisoners est nommé à l\'Oscar de la meilleure photographie en 2014.\n\nLors du Festival de Cannes 2015, son thriller d\'action Sicario, réunissant Emily Blunt, Josh Brolin et Benicio del Toro est en compétition pour la Palme d\'or. Le film est nommé aux Oscars dans 3 catégories, notamment celle de la meilleure photographie (une nouvelle fois pour Roger Deakins). Benicio del Toro est nommé au BAFTA du meilleur acteur dans un second rôle.\n\nCette trilogie de thrillers noirs bouclés, il se lance dans la science-fiction - et des plus gros budgets - avec le tournage de Premier Contact, adapté d\'une nouvelle de Ted Chiang. Il y dirige les stars Amy Adams et Jeremy Renner dans les rôles principaux. Le film est dévoilé à la Mostra de Venise en 2016, puis reçoit 8 nominations aux Oscars en 2017, dont celle du meilleur film et de la meilleure réalisation3.\n\nIl enchaîne avec une suite très attendue en étant choisi pour mettre en scène Blade Runner 2049, suite du classique Blade Runner. Villeneuve est annoncé au poste de réalisateur en février 2015 par Alcon Entertainment. Harrison Ford y reprend son rôle, face à un nouveau héros incarné par Ryan Gosling. Ridley Scott, le réalisateur du premier film, se cantonne cette fois au rôle de producteur4. Le long-métrage sort à la rentrée 2017.\n\nLe 31 janvier 2017, le studio Legendary annonce que Denis Villeneuve sera le réalisateur de Dune, nouvelle adaptation du roman éponyme de Frank Herbert5.','Réalisateur\n\nLongs-métrages\n1998 : Un 32 août sur terre\n2000 : Maelström\n2009 : Polytechnique\n2010 : Incendies\n2013 : Prisoners\n2013 : Enemy\n2015 : Sicario\n2016 : Premier Contact (Arrival)\n2017 : Blade Runner 2049\n\nProchainement\n2019 : Dune\n2020: The Son\n\nCourts-métrages\n1994 : REW FFWD (moyen-métrage documentaire)\n1996 : Cosmos (segment \"Le Technétium\" - film collectif)\n2008 : Next Floor (court-métrage)\n2011: Rated R for nudity (court-métrage)\n\nScénariste\n1996 : Cosmos\n1998 : Un 32 août sur terre\n2000 : Maelström\n2009 : Polytechnique\n2010 : Incendies\n\nActeur\n1995 : Zigrail de André Turpin : Denis\n\nProducteur\n2017 : Soldado de Stefano Sollima');

/*!40000 ALTER TABLE `personne` ENABLE KEYS */;
UNLOCK TABLES;


# Affichage de la table personne_has_photo
# ------------------------------------------------------------

DROP TABLE IF EXISTS `personne_has_photo`;

CREATE TABLE `personne_has_photo` (
  `id_personne` int(11) unsigned NOT NULL AUTO_INCREMENT,
  `id_photo` int(11) DEFAULT NULL,
  PRIMARY KEY (`id_personne`)
) ENGINE=InnoDB AUTO_INCREMENT=10 DEFAULT CHARSET=utf8;

LOCK TABLES `personne_has_photo` WRITE;
/*!40000 ALTER TABLE `personne_has_photo` DISABLE KEYS */;

INSERT INTO `personne_has_photo` (`id_personne`, `id_photo`)
VALUES
	(1,1),
	(2,7),
	(3,2),
	(4,3),
	(5,4),
	(6,8),
	(7,9),
	(8,10),
	(9,12);

/*!40000 ALTER TABLE `personne_has_photo` ENABLE KEYS */;
UNLOCK TABLES;


# Affichage de la table photo
# ------------------------------------------------------------

DROP TABLE IF EXISTS `photo`;

CREATE TABLE `photo` (
  `id` int(11) unsigned NOT NULL AUTO_INCREMENT,
  `chemin` varchar(255) DEFAULT NULL,
  `legende` varchar(255) DEFAULT NULL,
  PRIMARY KEY (`id`)
) ENGINE=InnoDB AUTO_INCREMENT=14 DEFAULT CHARSET=utf8;

LOCK TABLES `photo` WRITE;
/*!40000 ALTER TABLE `photo` DISABLE KEYS */;

INSERT INTO `photo` (`id`, `chemin`, `legende`)
VALUES
	(1,'ressources/img/person/damien-chazelle.jpg','Damien Chazelle'),
	(2,'ressources/img/person/miles-teller.jpg','Miles Teller'),
	(3,'ressources/img/person/melissa-benoist.jpg','Melissa Benoist'),
	(4,'ressources/img/person/paul-reiser.jpg','Paul Reiser'),
	(5,'ressources/img/film/whiplash/afficheWhiplash.jpg','Affiche du film'),
	(6,'ressources/img/film/whiplash/acteurPrincipal.jpg','Scène du film'),
	(7,'ressources/img/person/jk-simmons.jpg','JK Simmons'),
	(8,'ressources/img/person/amy-adams.jpg','Amy Adams'),
	(9,'ressources/img/person/jeremy-renner.jpg','Jeremy Renner'),
	(10,'ressources/img/person/forest-whitaker.jpg','Forest Whitaker'),
	(11,'ressources/img/film/arrival/afficheArrival.jpg','Affiche du film'),
	(12,'ressources/img/person/denis-villeneuve.jpg','Denis Villeneuve'),
	(13,'ressources/img/film/arrival/sceneArrival.jpg','Scène du film');

/*!40000 ALTER TABLE `photo` ENABLE KEYS */;
UNLOCK TABLES;



/*!40111 SET SQL_NOTES=@OLD_SQL_NOTES */;
/*!40101 SET SQL_MODE=@OLD_SQL_MODE */;
/*!40014 SET FOREIGN_KEY_CHECKS=@OLD_FOREIGN_KEY_CHECKS */;
/*!40101 SET CHARACTER_SET_CLIENT=@OLD_CHARACTER_SET_CLIENT */;
/*!40101 SET CHARACTER_SET_RESULTS=@OLD_CHARACTER_SET_RESULTS */;
/*!40101 SET COLLATION_CONNECTION=@OLD_COLLATION_CONNECTION */;
